code,market_cap,pct_change
001260.XSHE,6.5310000000000015,-3.4725480994838076
301287.XSHE,7.022,-1.9500594530321047
301314.XSHE,7.1354,-4.812486451333198
688755.XSHG,7.209,-2.892366050260786
301105.XSHE,7.3804,-4.852723034541217
603307.XSHG,7.4732,-3.299604047514293
301309.XSHE,7.5378,-1.6655562958027947
001366.XSHE,8.0402,-2.6298044504383
301295.XSHE,8.085,-3.2711924023918426
301636.XSHE,8.231,-1.2262885610270224
301173.XSHE,8.2895,-4.559394806787975
301585.XSHE,8.294,-1.7252002464571814
301578.XSHE,8.4153,-2.155172413793094
301575.XSHE,8.4342,-1.8468641785301942
301388.XSHE,8.4696,-2.42672549637567
001368.XSHE,8.4804,-0.8829174664107486
301560.XSHE,8.726,-2.0207536865100906
605069.XSHG,8.7359,-4.243542435424342
688420.XSHG,8.824,-2.5978915662650537
301429.XSHE,8.8258,-3.8387715930902178
001395.XSHE,8.8888,-2.0607375271149753
301353.XSHE,8.9236,-2.575704838148285
001256.XSHE,8.9501,-2.279839070183287
603075.XSHG,8.9543,-1.897876186172609
301552.XSHE,8.9583,-1.49175608479456
300784.XSHE,8.974,-2.5372311086596877
001335.XSHE,8.9873,-1.6666666666666607
301595.XSHE,9.0338,-3.8381742738589297
688758.XSHG,9.0481,-4.010815682739977
001400.XSHE,9.066,-1.5635179153094425
603120.XSHG,9.1236,0.2234359483614501
001367.XSHE,9.2178,-1.4012738853503293
301598.XSHE,9.2851,-2.2325581395348792
688757.XSHG,9.399,-1.4695077149154967
301520.XSHE,9.4401,-3.6392767223620837
603172.XSHG,9.4852,-1.9668737060041352
301170.XSHE,9.5119,-2.344019303688394
301499.XSHE,9.5223,-2.1661931818181768
001278.XSHE,9.546,-1.9210799584631455
301567.XSHE,9.6641,3.573867516503526
301601.XSHE,9.6689,-2.4242424242424288
603073.XSHG,9.8274,-5.110565110565124
301581.XSHE,9.964,-2.809207959422544
300804.XSHE,10.065,-2.7888446215139417
301399.XSHE,10.1329,-3.3385498174230643
301616.XSHE,10.218,-1.313502028201663
603280.XSHG,10.2546,-2.5749933634191646
301276.XSHE,10.2585,-1.807760141093473
001333.XSHE,10.362,-3.20591861898889
301446.XSHE,10.3958,3.348073278584951
301049.XSHE,10.501,-1.9199999999999995
001373.XSHE,10.5359,-3.577926015767119
301157.XSHE,10.547,-3.8606403013182744
301037.XSHE,10.5533,-3.060587133041859
603190.XSHG,10.6323,0.45941807044409533
301361.XSHE,10.6341,-2.870680044593088
301386.XSHE,10.6787,-2.850449043342451
301365.XSHE,10.7022,-2.16101694915255
603273.XSHG,10.7128,-2.994923857868015
688638.XSHG,10.7273,-3.014354066985636
301459.XSHE,10.8233,-0.7657334290500084
688370.XSHG,10.8804,0.20145044319097583
688671.XSHG,10.8873,-4.322766570605186
001326.XSHE,10.9164,-3.8020390824129113
603409.XSHG,10.9647,-0.9111617312072884
301502.XSHE,10.968,-2.310924369747902
603137.XSHG,10.9863,-2.2309711286089273
301255.XSHE,11.028,-1.5970098538905853
301233.XSHE,11.0668,3.7140724150802606
301418.XSHE,11.1269,-1.6393442622950838
301577.XSHE,11.2387,-4.452987345827331
603262.XSHG,11.311,0.4133654839820755
301533.XSHE,11.315,-1.9950738916256205
603400.XSHG,11.396,-2.268907563025213
301519.XSHE,11.4272,-4.2483660130719025
301512.XSHE,11.439,-4.038301415487089
301390.XSHE,11.4513,-2.6597131681877495
603205.XSHG,11.4884,-1.243781094527363
001231.XSHE,11.4981,-1.243034719245606
301372.XSHE,11.5071,-2.3068857042991997
301337.XSHE,11.6505,2.3724406889827687
688530.XSHG,11.6714,-3.149606299212615
603382.XSHG,11.6722,-0.5146836209506511
300417.XSHE,11.7684,-5.81639803784163
301320.XSHE,11.7997,-4.1019955654101885
301535.XSHE,11.8338,-2.5735294117646967
001336.XSHE,11.8647,-2.6376146788990917
301665.XSHE,11.8919,-0.16056518946692133
301668.XSHE,11.9343,-3.8261515601783147
001230.XSHE,11.9902,-2.713178294573637
301356.XSHE,12.0034,-3.4391534391534417
301516.XSHE,12.1754,-2.2535211267605604
688479.XSHG,12.2578,-2.1393034825870627
301167.XSHE,12.2821,-2.2637238256932757
301503.XSHE,12.3197,-2.49357326478149
301362.XSHE,12.3813,-2.5682932523931834
301373.XSHE,12.3882,-0.7704160246533087
688651.XSHG,12.3976,-3.7783375314861423
001225.XSHE,12.4024,0.9244992295839971
301252.XSHE,12.4368,-1.8663680477790212
688426.XSHG,12.496,1.231148045552466
002830.XSHE,12.6284,-1.819126819126804
300958.XSHE,12.7105,-1.828410689170179
603376.XSHG,12.7378,-0.4608294930875556
688759.XSHG,12.9304,-2.0415346708905435
603282.XSHG,12.9524,-4.631379962192817
001382.XSHE,13.0014,-2.1008403361344685
688273.XSHG,13.033,-1.6255605381165883
003018.XSHE,13.0508,1.2927756653992484
301658.XSHE,13.0557,-3.2396088019559843
301355.XSHE,13.1269,-0.9077155824508409
001223.XSHE,13.1682,0.6964285714285756
301419.XSHE,13.235,-3.4354688950789303
001226.XSHE,13.2518,-0.38255547054322214
688573.XSHG,13.2615,-4.8128342245989275
001306.XSHE,13.361,-1.6206345583200221
301272.XSHE,13.418,-3.4708136128014377
001360.XSHE,13.4285,-1.4997000599880073
301329.XSHE,13.5234,-1.6993464052287632
603276.XSHG,13.6383,-2.170374389582197
603391.XSHG,13.6523,0.23383998663770722
688485.XSHG,13.6645,-3.486924034869232
300886.XSHE,13.67,2.35294117647058
001388.XSHE,13.7302,-0.9483899426555031
301359.XSHE,13.8025,-4.360189573459728
603291.XSHG,13.8129,-2.3875114784205675
688130.XSHG,13.8294,0.0
603344.XSHG,13.8319,-1.1583011583011449
301469.XSHE,13.8683,-1.4402618657937794
001358.XSHE,13.8758,-2.6466380543633816
301317.XSHE,13.888,-2.4850581944007577
300823.XSHE,13.9224,-3.468547912992359
688450.XSHG,13.9403,-5.064978340553161
301591.XSHE,13.9529,-1.2256669069935056
301590.XSHE,14.0332,-5.844973979731593
688137.XSHG,14.0602,-3.2381380706093976
301548.XSHE,14.1013,-0.2782931354359919
301602.XSHE,14.1333,-1.3039934800326058
301557.XSHE,14.1348,8.47789115646258
301098.XSHE,14.1456,-1.8691588785046842
688701.XSHG,14.1663,-1.3096351730589206
301515.XSHE,14.2285,-4.323866044934288
688623.XSHG,14.3092,-1.1243386243386166
301113.XSHE,14.3195,-2.5871766029246346
001259.XSHE,14.3299,-1.7280730355396234
301395.XSHE,14.3564,-3.3766233766233777
688576.XSHG,14.3894,-1.8724921979491826
301176.XSHE,14.4214,-3.6883703424915315
301588.XSHE,14.4518,-3.3840117704757255
603334.XSHG,14.4524,0.17219113215669601
603004.XSHG,14.4727,3.80067567567568
301227.XSHE,14.4732,-0.3504672897196248
688251.XSHG,14.5256,-2.399349328995526
001379.XSHE,14.5837,-2.7378815080789876
301559.XSHE,14.607,-0.49049662783566816
301378.XSHE,14.6192,-2.331288343558291
002888.XSHE,14.625,-2.106318956870623
688045.XSHG,14.6257,-3.2660184492645294
001390.XSHE,14.6801,9.985315712187969
300930.XSHE,14.6889,-3.766594627971598
001317.XSHE,14.6901,-3.62968067999081
688061.XSHG,14.7354,-2.676181980374681
688583.XSHG,14.7946,-4.157599358607255
688693.XSHG,14.8226,-3.909205548549799
301202.XSHE,14.8274,-2.7791321306679717
603082.XSHG,14.8317,-2.1145610278372584
001279.XSHE,14.848,-1.4861995753715607
301539.XSHE,14.8848,-1.195814648729454
300915.XSHE,14.9075,-1.3719512195121908
301300.XSHE,14.9587,11.477298916801093
301131.XSHE,15.0033,-2.677322677322669
300904.XSHE,15.0365,-3.1572985983293056
301006.XSHE,15.0392,-3.1596452328159663
688592.XSHG,15.0736,-2.1749999999999936
300929.XSHE,15.0829,-2.2185702547247277
603257.XSHG,15.1143,-0.5081134240288443
301203.XSHE,15.1739,-1.6761363636363713
301139.XSHE,15.1953,-3.4833091436865082
301156.XSHE,15.2384,7.304256437204426
001378.XSHE,15.243,-1.119242359018513
300517.XSHE,15.2675,-4.425465838509323
300854.XSHE,15.2677,-3.4465020576131766
300851.XSHE,15.3023,-3.1838411502910002
301335.XSHE,15.3411,-0.6555227794165952
603210.XSHG,15.342,-1.1656143759106286
002856.XSHE,15.4881,-2.8749028749028738
688695.XSHG,15.5089,-4.513888888888884
688021.XSHG,15.512,-5.051449953227305
003003.XSHE,15.5143,-2.73264401772525
300912.XSHE,15.5166,-3.9830058417419045
300535.XSHE,15.5795,-2.30105465004794
300838.XSHE,15.599,-4.664179104477606
301234.XSHE,15.6366,-0.992366412213741
603406.XSHG,15.6447,-0.4348821240558465
301273.XSHE,15.6656,-3.226902173913049
688217.XSHG,15.7011,-3.897435897435897
001324.XSHE,15.7102,-3.3651431441486745
301555.XSHE,15.737,-2.2522522522522515
301023.XSHE,15.7525,-2.9166666666666563
002719.XSHE,15.7653,-3.0845771144278666
001328.XSHE,15.7884,-0.054495912806551416
603271.XSHG,15.7912,-2.4319066147859947
688565.XSHG,15.7965,-3.3882783882783762
301163.XSHE,15.7993,-3.2830820770519242
301218.XSHE,15.8005,-1.9565217391304346
300949.XSHE,15.8128,-4.1380744437513055
603285.XSHG,15.8358,-0.3528028224225821
301072.XSHE,15.9122,-5.652866242038224
301491.XSHE,15.9422,-3.3634126333059955
001387.XSHE,15.9702,-2.5034770514603677
603014.XSHG,15.9792,-1.3608748481166333
688419.XSHG,16.0021,-2.8189374774123643
002591.XSHE,16.0035,-2.4523160762942697
002809.XSHE,16.0263,-1.9574468085106433
301303.XSHE,16.0334,-2.535559678416832
002193.XSHE,16.0431,-3.312302839116721
301192.XSHE,16.0791,-4.247434435575814
603370.XSHG,16.0858,-1.6352201257861632
300749.XSHE,16.1016,-4.213483146067409
300599.XSHE,16.1804,-3.544303797468362
301107.XSHE,16.1929,-3.7194473963868213
301501.XSHE,16.1987,-1.815329448677716
301398.XSHE,16.2515,-4.220074935910079
603207.XSHG,16.2656,-2.5423728813559365
001210.XSHE,16.2675,-2.2896393817973593
301336.XSHE,16.3198,-2.099306316173788
300640.XSHE,16.3354,-2.37467018469657
002972.XSHE,16.4,-2.7156549520766737
688721.XSHG,16.4358,4.456005428636045
301199.XSHE,16.441,-2.50850340136054
688296.XSHG,16.4419,-6.360856269113158
002494.XSHE,16.4606,-1.8803418803418737
301387.XSHE,16.4932,0.23346303501945442
301001.XSHE,16.5135,0.4897459442913865
002188.XSHE,16.5484,-3.1626506024096335
688750.XSHG,16.5834,0.050226017076848706
603350.XSHG,16.588,-2.860087606287043
300713.XSHE,16.6277,-2.711157455683
300865.XSHE,16.6842,-3.0718954248366015
301505.XSHE,16.7226,-2.6602703881378087
603729.XSHG,16.7262,-3.1874662344678506
002976.XSHE,16.7345,-1.685823754789273
688659.XSHG,16.752,-5.760576057605748
001282.XSHE,16.7585,-1.8833256775378948
300405.XSHE,16.7619,1.4569536423841178
688203.XSHG,16.7683,-1.4587892049598872
301129.XSHE,16.7695,-3.435114503816794
300594.XSHE,16.8165,-3.296703296703296
300970.XSHE,16.8296,-1.7222222222222139
301097.XSHE,16.8589,-5.346985210466437
301609.XSHE,16.8643,0.08249123530623681
688496.XSHG,16.8703,-2.3415977961432466
301083.XSHE,16.9422,-2.2716049382716097
300615.XSHE,16.9717,-3.2833690221270473
300966.XSHE,16.9919,-2.8384279475982432
300845.XSHE,16.9945,-2.3178807947019764
301126.XSHE,17.0699,-2.13776722090262
301584.XSHE,17.1441,3.1866464339908918
003030.XSHE,17.1632,-1.4135886912904683
603065.XSHG,17.1696,-1.6891891891891886
603270.XSHG,17.1912,-2.4626564392410177
002718.XSHE,17.2239,-3.275176002448732
600455.XSHG,17.2259,-2.5097207493814055
688459.XSHG,17.2424,-1.306532663316573
300928.XSHE,17.2763,-2.1844660194174748
300649.XSHE,17.297,-3.7780401416765086
301197.XSHE,17.3537,-0.8458646616541388
301456.XSHE,17.3756,-3.169251517194882
301630.XSHE,17.384,-3.4436791824039026
301079.XSHE,17.4091,0.16000000000000458
688329.XSHG,17.424,-3.091455560326317
603125.XSHG,17.4494,3.171753441053249
600768.XSHG,17.5209,-3.8179148311306865
301311.XSHE,17.5532,4.573804573804585
603062.XSHG,17.6096,-1.0432190760059634
301587.XSHE,17.6361,-2.2394136807817433
001356.XSHE,17.6951,-0.77247191011236
603275.XSHG,17.7359,-3.0866999546073526
300935.XSHE,17.847,-5.09615384615385
002360.XSHE,17.85,-1.6245487364620947
300936.XSHE,17.8546,-2.991232594120685
301231.XSHE,17.8676,-5.8238636363636465
301632.XSHE,17.8701,-2.1493212669683293
301479.XSHE,17.9292,-0.8478513356562023
301298.XSHE,17.9619,-3.48837209302324
688156.XSHG,17.9775,-5.9040590405903925
001296.XSHE,18.0216,-3.960396039603953
301275.XSHE,18.0247,-0.29906542056074015
301633.XSHE,18.0659,-2.005850396991238
300371.XSHE,18.1051,0.37257824143070994
301210.XSHE,18.1418,-2.0061364172763607
688067.XSHG,18.1492,-3.7224430791470975
000637.XSHE,18.1563,-1.3861386138613763
002753.XSHE,18.162,-0.9271523178807861
003008.XSHE,18.1698,-2.4863042562157545
300564.XSHE,18.1899,-3.1927710843373536
300385.XSHE,18.2245,1.1290322580645107
688509.XSHG,18.2776,-2.6639344262295084
301290.XSHE,18.2882,-1.6855991205569798
002853.XSHE,18.289,2.971014492753632
002883.XSHE,18.2917,-1.4863748967795187
301618.XSHE,18.3045,0.9323583180987249
001239.XSHE,18.3312,-1.4705882352941346
300670.XSHE,18.3575,-3.541912632821731
301631.XSHE,18.41,-3.3814474613909296
002316.XSHE,18.4344,-3.9076376554174064
300977.XSHE,18.4485,-3.4243176178659906
001277.XSHE,18.5162,-3.9774064485761484
301508.XSHE,18.5335,-0.9433962264150941
001211.XSHE,18.5514,-2.6371308016877593
301280.XSHE,18.5707,-1.9423307969563486
300519.XSHE,18.5869,-1.867469879518091
301166.XSHE,18.601,-1.5662650602409678
300780.XSHE,18.6251,-3.6707452725250334
603395.XSHG,18.6301,-1.1938601478112654
301130.XSHE,18.6396,-0.9621353196772153
300246.XSHE,18.7162,-2.759381898454749
002887.XSHE,18.74,-2.825428859737633
300710.XSHE,18.7867,-1.716738197424883
003011.XSHE,18.7882,-1.0690789473684292
300234.XSHE,18.8161,-2.4955436720142665
001202.XSHE,18.832,-0.12391573729862992
300155.XSHE,18.8514,-2.8960817717206155
300849.XSHE,18.9004,-1.2063492063491998
002144.XSHE,18.9399,-4.510756419153372
002700.XSHE,18.9958,-1.904761904761898
688681.XSHG,19.1337,-3.637322087506578
603173.XSHG,19.1472,-2.0527116066903273
300621.XSHE,19.1592,-3.9593908629441454
300668.XSHE,19.1612,-3.2712632108706674
300992.XSHE,19.1718,-2.0198019801980216
301159.XSHE,19.1861,-1.9506908696830139
601133.XSHG,19.2111,-2.27963525835867
688272.XSHG,19.2128,-4.27868231730405
002566.XSHE,19.2154,-2.2405660377358694
603194.XSHG,19.2391,-2.4428684003152124
301100.XSHE,19.2675,-1.608579088471851
301208.XSHE,19.2995,-1.7355793772332762
688096.XSHG,19.3079,-3.423848878394342
301045.XSHE,19.3153,-2.3285899094437346
300126.XSHE,19.3169,-2.8601694915254217
000890.XSHE,19.3385,-3.9583333333333193
300554.XSHE,19.3415,-5.124223602484468
300013.XSHE,19.3993,-2.9017857142857317
300994.XSHE,19.4246,-0.7747318235995393
301507.XSHE,19.4274,1.0221465076660996
002910.XSHE,19.4497,-1.302083333333337
688528.XSHG,19.4544,-5.1597051597051635
600847.XSHG,19.4675,-4.726181545386354
603373.XSHG,19.5395,-2.670287395338311
603356.XSHG,19.601,-5.222437137330759
688429.XSHG,19.6637,-2.146690518783534
301282.XSHE,19.6891,-2.8842354800474146
300881.XSHE,19.6903,-3.8677130044843078
300635.XSHE,19.7001,-1.918465227817745
688038.XSHG,19.7253,-4.9887892376681675
688193.XSHG,19.7424,-4.044548651817115
300314.XSHE,19.7644,-1.9957234497505305
002652.XSHE,19.7657,-3.500000000000003
600137.XSHG,19.7741,-2.3054755043227737
301629.XSHE,19.8411,0.30587490771014636
301278.XSHE,19.8566,-3.352514385789329
300605.XSHE,19.8615,-1.9953051643192499
600796.XSHG,19.9034,-1.692307692307693
000702.XSHE,19.9443,-1.319261213720313
002247.XSHE,19.9498,-2.208201892744477
301065.XSHE,19.9842,-2.729945401091971
002982.XSHE,19.9879,1.2500000000000178
001221.XSHE,19.9944,-3.6899119837508487
301558.XSHE,19.9985,-1.7241379310344862
300549.XSHE,20.0695,-1.488095238095244
300651.XSHE,20.1096,0.6124234470691103
603880.XSHG,20.1173,-3.3333333333333326
301265.XSHE,20.121,-0.0843170320404707
301518.XSHE,20.1419,0.21276595744681437
603709.XSHG,20.1426,-2.365069739235881
301198.XSHE,20.1443,-1.3709063214013772
001311.XSHE,20.169,-0.5056398288603714
688726.XSHG,20.1718,-0.8060904612628761
002495.XSHE,20.1823,-0.34602076124568004
300837.XSHE,20.1919,-2.980132450331119
300625.XSHE,20.2141,-2.3474178403755763
301528.XSHE,20.2311,-1.3664596273291973
300610.XSHE,20.2664,1.7813765182186359
001380.XSHE,20.2761,-1.285347043701801
300306.XSHE,20.2992,-3.0120481927710774
001209.XSHE,20.3144,-1.5370284117372957
301622.XSHE,20.3489,-1.6253327728737665
301283.XSHE,20.3562,-2.7382256297918905
688309.XSHG,20.3867,-3.1546940326871886
301115.XSHE,20.4634,-2.042007001166868
300923.XSHE,20.4706,-3.877917414721732
002963.XSHE,20.501,-1.8052516411378616
002995.XSHE,20.5274,-1.5102481121898492
001266.XSHE,20.5405,5.634638196915764
002780.XSHE,20.5647,0.8974358974358942
301032.XSHE,20.5756,-2.500000000000002
301223.XSHE,20.5772,-1.3955984970477564
600883.XSHG,20.5869,-2.0224719101123556
600543.XSHG,20.6159,-1.984732824427482
301135.XSHE,20.6368,-3.984347207399508
301360.XSHE,20.6532,-4.788732394366191
000692.XSHE,20.6739,-2.020202020202022
301056.XSHE,20.6795,-2.4513947590870777
002921.XSHE,20.6888,-2.127659574468077
300937.XSHE,20.6938,-3.122238586156123
301027.XSHE,20.7042,-11.788413098236772
001285.XSHE,20.7057,-1.5452965037666688
301106.XSHE,20.7063,-2.7009437032216144
603255.XSHG,20.7085,-5.194444444444435
301509.XSHE,20.7104,-4.073587385019706
300897.XSHE,20.7185,-1.5371832156211074
301092.XSHE,20.7434,5.072241008300016
600561.XSHG,20.7668,-2.5367156208277786
301122.XSHE,20.8314,-5.878332194121672
301108.XSHE,20.8321,-0.4633920296570837
301568.XSHE,20.8443,-1.6411870503597048
300169.XSHE,20.8499,-3.356643356643363
300721.XSHE,21.0018,0.7968127490039834
688092.XSHG,21.02,-3.529411764705881
600692.XSHG,21.0384,-3.3957845433255196
300950.XSHE,21.0664,-2.5094102885821923
002775.XSHE,21.0721,-2.614379084967322
688132.XSHG,21.0807,-2.4108488196886046
688367.XSHG,21.1,-5.494505494505509
301281.XSHE,21.11,-2.3255813953488413
301121.XSHE,21.1372,-4.393592677345537
001268.XSHE,21.1771,-1.058512202293438
300813.XSHE,21.1802,-1.6248675379724409
300717.XSHE,21.2059,-2.069614299153344
002800.XSHE,21.2503,-1.875808538163004
603860.XSHG,21.2643,-1.9372693726937396
301310.XSHE,21.2784,-1.8084859726408609
001229.XSHE,21.2825,-4.716981132075471
300931.XSHE,21.2907,0.6999125109361293
301428.XSHE,21.3454,-1.9949423995504367
001319.XSHE,21.361,-2.361319340329826
300614.XSHE,21.37,-9.202453987730063
002687.XSHE,21.3753,-1.7110266159695797
603272.XSHG,21.3886,-4.222737819025523
300665.XSHE,21.4146,-2.2885572139303534
603022.XSHG,21.42,-1.2903225806451535
001218.XSHE,21.4616,-1.9108280254777066
300163.XSHE,21.4643,-3.665987780040725
301125.XSHE,21.4644,-4.190675746464123
002998.XSHE,21.5018,-2.9020556227327687
600671.XSHG,21.508000000000006,-3.284072249589476
000056.XSHE,21.5087,-3.25203252032521
301022.XSHE,21.5321,-2.4205748865355425
002835.XSHE,21.5372,-2.2530329289427886
301328.XSHE,21.5404,-2.470265324794141
301040.XSHE,21.5792,-3.4162800506115643
300828.XSHE,21.5797,2.125147579693021
003028.XSHE,21.5988,-2.6391096979332174
603231.XSHG,21.6039,-1.7874396135265758
002858.XSHE,21.6646,-3.2808398950131212
300112.XSHE,21.6731,-1.6181229773462813
002159.XSHE,21.6848,-0.8233058898036716
600697.XSHG,21.6905,-0.14306151645206988
301235.XSHE,21.6916,-2.9296875
301458.XSHE,21.7022,-2.3242300987797893
600493.XSHG,21.7056,-1.3597033374536438
688455.XSHG,21.7238,-2.6193247962747357
300501.XSHE,21.7475,0.8225616921269108
688004.XSHG,21.7679,-6.211180124223603
688178.XSHG,21.8104,-1.9487963316774937
603879.XSHG,21.8122,-4.258675078864349
301371.XSHE,21.8168,2.401746724890841
600689.XSHG,21.8261,-2.182810368349253
600778.XSHG,21.8473,-1.81818181818183
300707.XSHE,21.8509,-2.5559105431309903
300295.XSHE,21.8621,-4.114621601763401
002072.XSHE,21.8622,-7.874999999999998
688395.XSHG,21.8659,-3.9193302891933124
300305.XSHE,21.8925,-2.4355300859598916
301393.XSHE,21.8945,-3.525046382189234
300030.XSHE,21.9414,-2.0656136087484844
301397.XSHE,21.9712,-3.6002482929857194
301408.XSHE,21.9729,-4.28849902534113
003017.XSHE,21.992,-0.8434864104967188
002949.XSHE,22.0229,-1.3605442176870652
301318.XSHE,22.037,-2.3474178403755874
300920.XSHE,22.0584,-4.369747899159659
688078.XSHG,22.0793,-4.718464926077381
600149.XSHG,22.0873,-1.858108108108114
001228.XSHE,22.0906,-2.5631897472410015
301232.XSHE,22.1014,3.320108582167469
300812.XSHE,22.1016,-3.8321903993545736
688448.XSHG,22.1296,-2.7203711514129036
300995.XSHE,22.1309,-4.160166406656273
603124.XSHG,22.1531,-6.879606879606892
002381.XSHE,22.2198,-1.849217638691325
301315.XSHE,22.237,-1.6688481675392608
300616.XSHE,22.2437,-0.9661835748792313
603616.XSHG,22.2506,-3.8205980066445155
300575.XSHE,22.3446,-1.062215477996964
601083.XSHG,22.382,-0.8598452278590019
600272.XSHG,22.4,-2.777777777777779
301172.XSHE,22.4199,-6.275805119735756
600448.XSHG,22.4216,-3.2608695652173947
301500.XSHE,22.4719,-0.8894536213468918
601026.XSHG,22.5407,0.14388489208632116
002977.XSHE,22.5576,1.1954572624028659
301009.XSHE,22.5646,4.475524475524462
002871.XSHE,22.6035,-1.6254876462938883
300787.XSHE,22.6286,-2.308326463314103
300556.XSHE,22.6967,-1.8963922294172098
300562.XSHE,22.6998,-2.710215427380125
688517.XSHG,22.7051,-4.207492795389056
002806.XSHE,22.7382,-3.402366863905315
301538.XSHE,22.7623,-0.9375000000000022
301383.XSHE,22.7731,-3.5008976660682256
688307.XSHG,22.8387,-3.003003003003013
300514.XSHE,22.8849,-3.1207598371777556
688292.XSHG,22.8882,-0.569426193604905
300243.XSHE,22.9072,1.903114186851207
688489.XSHG,22.918000000000006,-3.2494082203572194
688655.XSHG,22.9297,-6.0655737704917945
300868.XSHE,22.9482,-2.3686920700308867
300220.XSHE,22.9549,-3.9190897597977337
603091.XSHG,22.9585,1.3467555434634626
301596.XSHE,22.977,-1.6224188790560423
300069.XSHE,22.9788,-2.9164607019278255
003042.XSHE,22.9895,-0.6057268722466924
688616.XSHG,23.0322,-3.603603603603611
003001.XSHE,23.039,-2.3297491039426466
300461.XSHE,23.0526,-2.2716288061865764
605567.XSHG,23.06,-0.9450171821305919
300892.XSHE,23.0746,0.11204481792717047
603028.XSHG,23.0762,-2.4038461538461675
603139.XSHG,23.0923,-2.529510961214154
301321.XSHE,23.0941,-2.9758214507129455
001386.XSHE,23.0952,-0.6396588486140664
002879.XSHE,23.1094,-3.009259259259256
688253.XSHG,23.1238,-1.214454976303303
002207.XSHE,23.1601,0.22573363431153126
300334.XSHE,23.1959,-1.538461538461544
603092.XSHG,23.1993,4.726668680157053
002790.XSHE,23.2021,-1.8743109151047377
002828.XSHE,23.2274,-0.33222591362125353
603418.XSHG,23.251,-0.24280263614289144
688058.XSHG,23.2571,-4.834605597964369
300103.XSHE,23.2611,-3.93184796854521
002763.XSHE,23.2861,-2.168367346938771
001255.XSHE,23.3135,-3.726525821596227
301002.XSHE,23.3196,-4.281345565749239
300883.XSHE,23.3456,-1.534170153417025
603183.XSHG,23.4159,-2.4844720496894457
300658.XSHE,23.4309,-4.591368227731863
603506.XSHG,23.4347,-2.576112412177989
301041.XSHE,23.4394,-2.3347583031897434
605177.XSHG,23.4512,-1.745283018867927
688355.XSHG,23.5021,-2.7193432529502237
300743.XSHE,23.5073,-2.843601895734593
000619.XSHE,23.508000000000006,-1.9519519519519468
002209.XSHE,23.5407,-0.7905138339920903
300753.XSHE,23.5851,-1.5051395007342205
301662.XSHE,23.5882,-3.2332878581173174
300817.XSHE,23.6117,-3.0349794238683114
300789.XSHE,23.6164,-2.1311475409836023
300335.XSHE,23.6259,-2.07006369426751
300853.XSHE,23.628,-2.8998640688717714
300538.XSHE,23.6405,1.2435233160621673
603331.XSHG,23.6545,-2.5811823480432983
603023.XSHG,23.6642,-3.1963470319634646
300264.XSHE,23.6704,-1.8433179723502335
301313.XSHE,23.7053,-5.697384806973849
603041.XSHG,23.7176,-1.5209125475285301
000995.XSHE,23.7194,-3.4657039711191384
603578.XSHG,23.735,-3.9416058394160514
301563.XSHE,23.736,-2.257842123405729
001314.XSHE,23.7894,-1.7964071856287345
300736.XSHE,23.8039,-7.57649344341913
300500.XSHE,23.8324,-1.5916955017300949
002817.XSHE,23.8992,-1.5531660692950866
300978.XSHE,23.9024,4.166666666666674
002524.XSHE,23.9249,-2.494802494802484
688056.XSHG,23.9928,-3.630452451910038
301077.XSHE,24.0415,-2.6275115919629055
601022.XSHG,24.0428,-0.8205128205128198
603779.XSHG,24.0428,-1.7639077340569909
688393.XSHG,24.0469,-3.673163418290859
688657.XSHG,24.0603,-3.2673267326732702
605122.XSHG,24.0606,-0.6405693950177871
600099.XSHG,24.147,-1.2544802867383575
003027.XSHE,24.1495,-3.841336116910221
301063.XSHE,24.2295,-0.9482418016594218
300906.XSHE,24.2365,-2.9768786127167712
300807.XSHE,24.2567,-1.0593220338983023
300943.XSHE,24.2753,-2.901665771090811
603029.XSHG,24.2927,-1.3307047806801364
001359.XSHE,24.3078,-2.764378478664198
688602.XSHG,24.3242,-3.995901639344268
688328.XSHG,24.3508,-2.8636021100226006
301222.XSHE,24.3695,-2.491216863621837
603488.XSHG,24.3812,-2.6806526806526842
002723.XSHE,24.386,-3.39195979899497
002551.XSHE,24.3864,-1.724137931034464
301628.XSHE,24.4011,-8.039430449069007
001323.XSHE,24.406,-0.9104151493080859
600202.XSHG,24.4188,-1.5455950540958163
002802.XSHE,24.4349,-1.3950073421439058
300961.XSHE,24.4415,1.8436109345200125
002760.XSHE,24.4594,-2.032871972318351
300254.XSHE,24.4796,-3.1943212067435667
301024.XSHE,24.4947,-2.8564453125
603153.XSHG,24.5025,-2.0507285483000626
002743.XSHE,24.5533,-1.7391304347825987
688605.XSHG,24.573,-0.03293265272517054
600303.XSHG,24.592,-5.699481865284972
300980.XSHE,24.5952,-2.342834830144469
300106.XSHE,24.5991,-0.5128205128204999
300771.XSHE,24.6068,-2.302158273381294
301081.XSHE,24.6296,-1.2237762237762184
603908.XSHG,24.63,-1.013133208255157
002903.XSHE,24.6595,-4.147843942505136
600235.XSHG,24.6613,-1.6806722689075682
688581.XSHG,24.7114,-1.9459102902374625
600051.XSHG,24.715,-1.486988847583648
002980.XSHE,24.7325,2.1135515955242434
300675.XSHE,24.7427,-1.9186046511627808
301225.XSHE,24.7453,0.6074596039363334
603321.XSHG,24.776,-2.3837902264600808
002319.XSHE,24.8,-2.515723270440251
688466.XSHG,24.8208,-3.632887189292555
603135.XSHG,24.8362,-1.896207584830334
688216.XSHG,24.839,-3.0290456431535273
300786.XSHE,24.9442,2.3465703971119245
300107.XSHE,24.97,-1.3717421124828433
603214.XSHG,24.9788,-1.7973856209150263
688708.XSHG,25.0085,2.165385218892202
002893.XSHE,25.0229,-2.1411578112608964
688523.XSHG,25.0266,-4.317343173431743
300998.XSHE,25.0357,2.5584472871636343
002890.XSHE,25.0462,-2.4528301886792447
002900.XSHE,25.0709,-3.1102096010818037
688793.XSHG,25.1218,-2.011397921555469
603329.XSHG,25.1581,-0.6519967400163029
300536.XSHE,25.1623,-1.1520737327188946
300831.XSHE,25.1637,-1.729106628242072
301043.XSHE,25.179,-2.5049439683586083
002999.XSHE,25.1943,-1.8741633199464536
300816.XSHE,25.2062,-2.733435381587579
301586.XSHE,25.2174,0.8677248677248617
002615.XSHE,25.2322,0.12121212121212199
002329.XSHE,25.2351,-0.25706940874036244
301019.XSHE,25.2359,-4.270613107822408
600791.XSHG,25.2391,0.17953321364452268
301036.XSHE,25.2716,3.0738293593794985
688113.XSHG,25.3018,-3.5117878192534424
301161.XSHE,25.3056,-2.2368028631076675
603458.XSHG,25.3165,-4.393063583815038
300988.XSHE,25.3234,-3.417412530512609
603042.XSHG,25.325,-3.958587088915966
603968.XSHG,25.3351,-1.2749003984063756
003023.XSHE,25.3611,-4.246031746031742
688118.XSHG,25.3728,-2.2294138798993113
301141.XSHE,25.3855,2.942238267148012
301057.XSHE,25.4037,-0.48527984471044006
300971.XSHE,25.4092,3.642508449117554
688026.XSHG,25.4119,-3.5162493340436862
600287.XSHG,25.4652,-2.0168067226890796
301296.XSHE,25.4735,-0.7874015748031482
002864.XSHE,25.4845,-2.470187393526402
301062.XSHE,25.4896,-0.9732360097323589
002983.XSHE,25.4976,-2.4031387935262494
688189.XSHG,25.5192,-3.4267912772585674
300795.XSHE,25.5393,-2.898550724637683
300686.XSHE,25.5744,-2.774193548387094
002513.XSHE,25.5914,10.034207525655647
300989.XSHE,25.6042,-3.518728717366637
300967.XSHE,25.6074,-1.1084337349397622
603819.XSHG,25.6268,-2.8877887788778867
002634.XSHE,25.6299,-0.5199306759098632
688069.XSHG,25.6397,-3.8559322033898336
002702.XSHE,25.6438,2.5688073394495303
301299.XSHE,25.6735,-2.566788894709282
603637.XSHG,25.6826,-4.099821746880583
002571.XSHE,25.6842,-1.9362186788154934
688716.XSHG,25.6982,-2.2606382978723416
301339.XSHE,25.7133,0.8660892738174608
688163.XSHG,25.7347,-2.0189534404614684
603193.XSHG,25.7411,-2.083333333333337
300051.XSHE,25.746,-1.6830294530154277
301366.XSHE,25.7477,-1.5748031496062964
000985.XSHE,25.7594,-0.8483033932135675
688121.XSHG,25.7792,-2.826585179526353
000856.XSHE,25.8553,-1.1284722222222099
300876.XSHE,25.8887,2.1440000000000126
002968.XSHE,25.8985,-2.5182778229082103
600539.XSHG,25.921,-1.8292682926829396
600719.XSHG,25.9753,-1.6845329249617236
301152.XSHE,26.0213,-2.7077249800902647
002084.XSHE,26.0432,-1.4634146341463317
688197.XSHG,26.05,-2.374670184696559
002633.XSHE,26.0885,-2.7839643652561197
301067.XSHE,26.0933,-4.885993485342011
000554.XSHE,26.111,1.1235955056179803
002787.XSHE,26.1146,-0.19175455417065335
002767.XSHE,26.1178,-1.714845663890252
001222.XSHE,26.1328,0.8288437629506706
000952.XSHE,26.1437,-1.9354838709677469
688129.XSHG,26.1439,-1.5873015873015928
300606.XSHE,26.1473,-2.543859649122815
603700.XSHG,26.1604,-2.187028657616885
603182.XSHG,26.1634,-0.3759398496240629
002486.XSHE,26.1729,-2.1472392638036797
600818.XSHG,26.1754,-2.9126213592232997
300645.XSHE,26.1783,-1.8798955613577029
002873.XSHE,26.182,-2.4021352313167266
688435.XSHG,26.1863,7.976653696498048
600232.XSHG,26.1868,-1.7783857729138153
300597.XSHE,26.1874,-1.5306122448979664
301103.XSHE,26.1877,-1.8687329079307258
002877.XSHE,26.2401,9.979838709677423
000605.XSHE,26.2731,-1.1936339522546358
301180.XSHE,26.2785,-4.6456223942823005
300884.XSHE,26.2806,-2.693125442948252
301229.XSHE,26.2957,-2.358036573628497
002857.XSHE,26.3808,-2.2296015180265583
688545.XSHG,26.3839,-2.425876010781669
301529.XSHE,26.3921,-1.0851135978297566
300626.XSHE,26.4095,2.94530154277699
301059.XSHE,26.421,-0.6993006993006978
301053.XSHE,26.4257,-1.842256764536554
301138.XSHE,26.4368,-1.7078766250318456
688607.XSHG,26.4563,2.7378507871321123
002696.XSHE,26.4579,10.01390820584145
002105.XSHE,26.4607,-0.9549795361528002
600159.XSHG,26.4771,-3.3333333333333326
300412.XSHE,26.481,-2.4137931034482696
000586.XSHE,26.4819,-9.993425378040765
301332.XSHE,26.4898,-2.0568070519099035
688314.XSHG,26.5002,-2.1008403361344574
688350.XSHG,26.5066,-2.0316027088036037
688310.XSHG,26.5287,-2.2058823529411686
603335.XSHG,26.545,-1.898734177215189
603375.XSHG,26.552,-1.8854584020740028
688227.XSHG,26.5745,0.14492753623189802
688610.XSHG,26.6103,2.7014218009478785
688323.XSHG,26.64,-1.791639017916391
688619.XSHG,26.6474,-3.6863270777479973
301603.XSHE,26.6542,-1.8752604528406658
603679.XSHG,26.6963,-2.7611044417767183
300778.XSHE,26.7149,-1.9431988041853643
603937.XSHG,26.7169,-2.1423106350420884
603208.XSHG,26.7176,-1.8867924528301883
300932.XSHE,26.7437,-4.088307440719541
003005.XSHE,26.767,-1.2646370023419395
300509.XSHE,26.786,-2.9543419874664245
603312.XSHG,26.7989,-2.4286243974786736
603161.XSHG,26.8193,-1.4716187806587233
002729.XSHE,26.8284,-2.61646458200383
002952.XSHE,26.8293,-1.2118274357731496
300150.XSHE,26.831,-3.6363636363636376
300176.XSHE,26.8386,-3.076923076923088
300387.XSHE,26.873,-1.5873015873015706
002778.XSHE,26.9198,-1.756756756756761
301312.XSHE,26.9218,-2.0489094514210215
688218.XSHG,26.9463,-3.4834324553950746
300921.XSHE,26.9548,-1.8789144050104345
000790.XSHE,27.0215,-2.4719101123595544
002849.XSHE,27.0414,-1.9649122807017472
600128.XSHG,27.0457,-1.9677996422182376
605180.XSHG,27.0907,0.8810572687224738
603177.XSHG,27.1167,3.9937353171495715
688081.XSHG,27.1201,-4.3952052306574725
001234.XSHE,27.1267,2.030981067125648
688620.XSHG,27.1348,-1.2679628064243498
301322.XSHE,27.144,-1.4535844070036386
300375.XSHE,27.1583,0.9469696969697017
300162.XSHE,27.1676,-2.5766871165644134
301220.XSHE,27.1803,1.1469009272816244
300460.XSHE,27.1819,-3.9682539682539764
002909.XSHE,27.2006,-0.5563282336578546
603725.XSHG,27.2038,-1.0427528675703845
300422.XSHE,27.2092,-1.845018450184499
300464.XSHE,27.2192,-2.91508238276299
603325.XSHG,27.2235,1.4505776636713597
002114.XSHE,27.2295,0.5973715651135025
001299.XSHE,27.2346,-2.7301092043681696
002666.XSHE,27.2364,-1.9819819819819728
002862.XSHE,27.2443,-0.5988023952095967
300948.XSHE,27.2592,-1.300813008130075
301010.XSHE,27.2808,-2.1688613477924057
000663.XSHE,27.2914,10.000000000000009
300423.XSHE,27.3356,2.1170610211706187
300694.XSHE,27.3726,-1.2529365700861383
603176.XSHG,27.3856,-2.4671052631578982
603717.XSHG,27.3898,-1.9730010384216068
002795.XSHE,27.4001,-1.2539184952978122
300195.XSHE,27.436,0.11454753722794919
002942.XSHE,27.4692,-1.2820512820512886
300941.XSHE,27.4755,-1.598781880472011
600476.XSHG,27.4785,-3.12322544009086
301349.XSHE,27.481,-1.2998419111189263
603385.XSHG,27.484,-0.687757909215958
603102.XSHG,27.488000000000003,-1.7162471395881007
688022.XSHG,27.4898,-2.5561097256857734
000705.XSHE,27.4912,-2.4024024024024038
300565.XSHE,27.4987,-0.8230452674897082
002820.XSHE,27.519,-1.0830324909747335
300746.XSHE,27.5408,-0.08110300081103361
301025.XSHE,27.5488,-2.4533856722276703
300642.XSHE,27.5552,-2.4853801169590573
002377.XSHE,27.5662,-3.3639143730886834
003038.XSHE,27.572,-0.5966587112171906
600356.XSHG,27.5729,-1.9128586609989395
002825.XSHE,27.5785,-1.826484018264829
000757.XSHE,27.5942,-2.0793950850661713
600444.XSHG,27.6152,-0.7890583903208959
603017.XSHG,27.619,-1.671583087512285
300449.XSHE,27.6402,-3.2432432432432434
301193.XSHE,27.6617,2.0865139949109324
001331.XSHE,27.6963,-3.103448275862064
001332.XSHE,27.698,-3.1554212823094896
002133.XSHE,27.7153,-3.7433155080213942
001205.XSHE,27.7534,0.05750431282345314
688060.XSHG,27.76,-2.577101816645555
603318.XSHG,27.7686,-2.0297699594045926
600359.XSHG,27.7741,-0.6821282401091366
300667.XSHE,27.7935,-0.9230769230769154
600615.XSHG,27.7978,-1.3589128697042319
688288.XSHG,27.7981,-8.718452966240575
301617.XSHE,27.8305,-2.092148566055474
300826.XSHE,27.8415,-2.6449071468767515
301237.XSHE,27.8552,-2.5672371638141733
300508.XSHE,27.8768,-2.7999999999999914
301178.XSHE,27.8898,-9.518459069020867
300730.XSHE,27.8959,0.1387925052047212
301305.XSHE,27.8974,-2.6758739749676352
000590.XSHE,27.9107,-2.0168067226890796
603797.XSHG,27.9654,-1.8218623481781493
600371.XSHG,27.9705,-0.20876826722338038
600844.XSHG,27.9728,-1.1627906976744207
002397.XSHE,27.9876,-3.786191536748329
600706.XSHG,28.0195,1.0073260073260037
002576.XSHE,28.0308,-1.8161180476730987
603045.XSHG,28.0778,-1.7069701280227556
688613.XSHG,28.0868,-3.7106622827618563
300543.XSHE,28.1474,-3.267411865864156
300452.XSHE,28.1511,9.044862518089737
300076.XSHE,28.1536,-2.352941176470591
600807.XSHG,28.1753,-4.021447721179627
688369.XSHG,28.1823,-2.47208931419457
605151.XSHG,28.1891,-2.011225444340503
001219.XSHE,28.2094,-0.4024144869215318
000573.XSHE,28.2302,-2.6200873362445476
301448.XSHE,28.2453,3.760198652004254
600148.XSHG,28.2467,-2.3483365949119372
300269.XSHE,28.2816,-3.237410071942437
002622.XSHE,28.3072,-4.261363636363635
603320.XSHG,28.3079,-2.616726526423796
002732.XSHE,28.3263,-1.3623978201634857
301439.XSHE,28.33,-2.2756005056890016
002012.XSHE,28.3342,0.33057851239670644
603818.XSHG,28.3543,-1.6666666666666718
300947.XSHE,28.3875,-2.7432712215320953
688351.XSHG,28.3931,-1.1734028683181408
301133.XSHE,28.4015,-1.0738255033557076
000953.XSHE,28.4111,1.9710906701708275
600322.XSHG,28.4165,-3.383458646616555
002798.XSHE,28.4189,-1.5290519877675823
003007.XSHE,28.4198,1.5616728427739535
301111.XSHE,28.432,-2.0936639118457223
300800.XSHE,28.4774,-3.1100478468899406
002234.XSHE,28.4831,-0.31645569620254443
301185.XSHE,28.4916,-0.5856515373352744
300283.XSHE,28.4962,-1.146496815286624
688071.XSHG,28.4978,-1.6388645010242953
600241.XSHG,28.5179,-0.7172131147541005
300969.XSHE,28.5235,-1.7875810160986716
688231.XSHG,28.5268,-1.1826544021024898
000809.XSHE,28.5378,-3.3519553072625774
002771.XSHE,28.5506,0.06116207951070152
002953.XSHE,28.5634,1.9741837509491322
300209.XSHE,28.5681,2.4604569420035194
600854.XSHG,28.5702,-2.135231316725983
688338.XSHG,28.5948,-1.318681318681314
300074.XSHE,28.6027,-1.1342155009451682
301279.XSHE,28.6604,0.932320441988943
301026.XSHE,28.6762,-1.4570552147239235
001376.XSHE,28.6856,0.44910179640718084
002420.XSHE,28.6884,-6.874189364461736
601121.XSHG,28.728,0.665778961384822
301592.XSHE,28.7285,0.7124140189977091
300404.XSHE,28.7508,-2.0095693779904167
300964.XSHE,28.7527,-1.9342723004694862
301556.XSHE,28.7636,-0.2045617265009736
300637.XSHE,28.7738,0.9876543209876409
605186.XSHG,28.7776,-2.5333947489636133
300553.XSHE,28.7825,-3.1491554537646738
301380.XSHE,28.7833,0.7062146892655274
603096.XSHG,28.7956,-2.0461699895068075
300583.XSHE,28.7972,-2.27416298168035
300644.XSHE,28.7973,-2.196149217809884
002799.XSHE,28.8032,-0.33222591362125353
301003.XSHE,28.8088,-2.393075356415475
301068.XSHE,28.8124,1.7799928800284803
603810.XSHG,28.8462,-1.5792442188381384
301251.XSHE,28.8829,-2.262773722627731
601996.XSHG,28.9196,-2.2727272727272707
688718.XSHG,28.9475,5.3097345132743445
000548.XSHE,28.9521,-1.3605442176870763
300445.XSHE,28.9528,-3.4123222748815296
603311.XSHG,28.9901,-2.3828435266084247
603332.XSHG,28.9905,-1.4705882352941124
301326.XSHE,28.9943,-1.1543474213367988
605258.XSHG,29.0048,-3.794512551079965
605033.XSHG,29.0139,-7.356122890523576
002205.XSHE,29.0845,-7.121661721068251
300656.XSHE,29.1046,-2.796271637816261
300907.XSHE,29.1168,-4.59263919471532
000782.XSHE,29.1533,-3.327495621716292
300240.XSHE,29.1793,-1.9536019536019578
002671.XSHE,29.1959,-2.029520295202958
000020.XSHE,29.2039,2.6751592356688114
688316.XSHG,29.2562,-2.9706115965051683
300752.XSHE,29.2669,-2.207041513399899
688669.XSHG,29.2777,-6.833976833976829
603682.XSHG,29.295,-1.7432646592709933
600540.XSHG,29.3014,-0.7874015748031482
002136.XSHE,29.3375,-6.172839506172845
301468.XSHE,29.3785,-1.7063989962358805
300732.XSHE,29.3899,-1.7326732673267342
600533.XSHG,29.4,-4.436860068259396
300902.XSHE,29.4403,6.072520751419841
605336.XSHG,29.456,-2.843315184513018
002663.XSHE,29.4779,-2.564102564102566
002295.XSHE,29.5097,-2.23880597014926
300829.XSHE,29.5126,-0.3206841261357729
300513.XSHE,29.5485,-1.8199233716475027
300798.XSHE,29.5636,-1.3681592039800905
300952.XSHE,29.5713,-1.672473867595825
603768.XSHG,29.5779,-1.6613924050633
603381.XSHG,29.6215,-1.790763430725728
603917.XSHG,29.6383,-1.423728813559333
688597.XSHG,29.6405,-4.234527687296419
000055.XSHE,29.6699,-1.7897091722595126
300141.XSHE,29.7025,-2.9950083194675514
603188.XSHG,29.7059,-0.5725190839694694
603617.XSHG,29.7322,-1.6497461928933976
002748.XSHE,29.76,-2.285263987391639
605003.XSHG,29.766,-1.2048192771084376
603072.XSHG,29.7976,-2.444300237940722
603048.XSHG,29.8313,-2.026049204052105
600774.XSHG,29.8675,-0.8806262230919737
300701.XSHE,29.8946,-2.9126213592232997
000610.XSHE,29.909,0.5542359461599311
002725.XSHE,29.9151,-2.890571231933925
603289.XSHG,29.9255,-2.5787965616046016
300632.XSHE,29.9298,-2.871500358937551
603326.XSHG,29.9388,-1.2631578947368327
603696.XSHG,29.941,-3.193916349809889
301117.XSHE,29.9606,1.0720986330742477
003026.XSHE,29.9622,-1.2302839116719255
301195.XSHE,29.9801,-2.7042413891261163
688084.XSHG,29.9879,1.1182902584492949
301221.XSHE,29.9942,-2.6862026862026878
301089.XSHE,30.0131,-4.043048283885986
300673.XSHE,30.016,2.319160684704591
600538.XSHG,30.0366,-1.715265866209259
301181.XSHE,30.0664,-2.514619883040936
002391.XSHE,30.075,-1.2195121951219412
000679.XSHE,30.1158,-1.8583042973286945
300407.XSHE,30.134,-2.199528672427342
688727.XSHG,30.171,-2.4370430544272903
301149.XSHE,30.1719,0.8733624454148492
002774.XSHE,30.1778,-1.8331805682859748
301678.XSHE,30.2205,-2.1082117057349192
603895.XSHG,30.2408,-6.421404682274245
002932.XSHE,30.2493,-1.2232415902140747
600080.XSHG,30.2722,-2.8742514970059863
600573.XSHG,30.275,-0.3292181069958877
300154.XSHE,30.2798,-1.4358974358974375
301488.XSHE,30.2837,-1.5076524784893186
000010.XSHE,30.3093,-4.199475065616798
002259.XSHE,30.3188,-2.657004830917864
301030.XSHE,30.3563,-0.9887936717205004
301261.XSHE,30.3615,1.287982993622605
300447.XSHE,30.3742,-0.5928853754940677
000019.XSHE,30.3838,1.2482662968099856
605155.XSHG,30.3895,-1.1124845488257096
688600.XSHG,30.3902,-4.285108188375064
603168.XSHG,30.3971,-2.1582733812949617
603150.XSHG,30.3978,-3.8139031647281496
301212.XSHE,30.4219,3.7735849056603987
300270.XSHE,30.4245,3.9215686274509665
603608.XSHG,30.4294,-1.0914051841746208
000545.XSHE,30.5475,-1.898734177215189
605001.XSHG,30.5665,-1.8915510718789386
600858.XSHG,30.5871,-0.3372681281618828
300860.XSHE,30.593000000000004,-2.8492008339124353
688335.XSHG,30.5988,-3.09423347398029
002535.XSHE,30.5999,-1.4423076923077094
002973.XSHE,30.602,-3.716690042075732
301331.XSHE,30.6034,-4.056664520283315
